Date,Name,Year,Letterboxd URI
2022-06-06,Everything Everywhere All at Once,2022,https://boxd.it/jUk4
2022-06-06,The Bob's Burgers Movie,2022,https://boxd.it/if7w
2022-06-06,Crimes of the Future,2022,https://boxd.it/uTuY
2022-06-06,Parasite,2019,https://boxd.it/hTha
2022-06-06,Spider-Man: No Way Home,2021,https://boxd.it/nwRw
2022-06-06,The Fly,1986,https://boxd.it/1YIe
2022-06-06,Videodrome,1983,https://boxd.it/29uC
2022-06-06,Scanners,1981,https://boxd.it/1YqE
2022-06-06,The Brood,1979,https://boxd.it/1ovS
2022-06-06,The Grand Budapest Hotel,2014,https://boxd.it/3ZqO
2022-06-06,The French Dispatch,2021,https://boxd.it/jLP8
2022-06-06,Moonrise Kingdom,2012,https://boxd.it/2Wng
2022-06-06,The Life Aquatic with Steve Zissou,2004,https://boxd.it/2aqw
2022-06-06,The Royal Tenenbaums,2001,https://boxd.it/1YHU
2022-06-06,The Darjeeling Limited,2007,https://boxd.it/24as
2022-06-06,Raw,2016,https://boxd.it/dLd2
2022-06-06,Mean Girls,2004,https://boxd.it/1VNg
2022-06-06,Clueless,1995,https://boxd.it/1Ygk
2022-06-06,The Babysitter,2017,https://boxd.it/eP1w
2022-06-06,Last Night in Soho,2021,https://boxd.it/lbJC
2022-06-06,Run Lola Run,1998,https://boxd.it/2b8o
2022-06-06,Eternal Sunshine of the Spotless Mind,2004,https://boxd.it/6YK
2022-06-06,Easy A,2010,https://boxd.it/17DK
2022-06-06,Midsommar,2019,https://boxd.it/jhxe
2022-06-06,But I'm a Cheerleader,1999,https://boxd.it/1CW4
2022-06-06,Ready or Not,2019,https://boxd.it/kOf0
2022-06-06,Mulholland Drive,2001,https://boxd.it/297o
2022-06-06,Pitch Perfect,2012,https://boxd.it/3OsE
2022-06-06,Hot Fuzz,2007,https://boxd.it/2416
2022-06-06,The World's End,2013,https://boxd.it/3EiO
2022-06-06,Shaun of the Dead,2004,https://boxd.it/29J8
2022-06-06,Guardians of the Galaxy Vol. 2,2017,https://boxd.it/8MxC
2022-06-06,Up in the Air,2009,https://boxd.it/1zPY
2022-06-06,Pitch Perfect 3,2017,https://boxd.it/bUre
2022-06-06,Suspiria,1977,https://boxd.it/1SNW
2022-06-06,Battle Royale,2000,https://boxd.it/25zS
2022-06-06,The Babadook,2014,https://boxd.it/77xu
2022-06-06,Knives Out,2019,https://boxd.it/jWEA
2022-06-06,Star Wars: The Last Jedi,2017,https://boxd.it/5xme
2022-06-06,Brick,2005,https://boxd.it/1Z6A
2022-06-06,Get Out,2017,https://boxd.it/eOCm
2022-06-06,His House,2020,https://boxd.it/l8Qq
2022-06-06,The Perfection,2018,https://boxd.it/jgxW
2022-11-07,The Shining,1980,https://boxd.it/29Nu
2022-11-07,The Exorcist,1973,https://boxd.it/1Yoo
2022-11-07,Psycho,1960,https://boxd.it/2ab2
2022-11-07,28 Days Later,2002,https://boxd.it/2aXU
2022-11-07,It Follows,2014,https://boxd.it/87wo
2022-11-07,Let the Right One In,2008,https://boxd.it/1Qr0
2023-03-09,Jodorowsky's Dune,2013,https://boxd.it/5MP6
2023-03-10,Glass Onion,2022,https://boxd.it/oCkK
2023-03-10,Saint Maud,2019,https://boxd.it/l8QA
2023-03-10,Snowpiercer,2013,https://boxd.it/3Icg
2023-03-10,Suspiria,2018,https://boxd.it/cioI
2023-03-10,The Cabin in the Woods,2011,https://boxd.it/1zOc
2023-03-10,Eraserhead,1977,https://boxd.it/299u
2023-03-10,mother!,2017,https://boxd.it/dgRU
2023-03-10,Black Swan,2010,https://boxd.it/Sw0
2023-03-10,Nope,2022,https://boxd.it/sDCe
2023-03-10,Barbarian,2022,https://boxd.it/yohi
2023-03-10,Pearl,2022,https://boxd.it/zPbe
2023-03-10,Terrifier 2,2022,https://boxd.it/oI10
2023-03-10,Oculus,2013,https://boxd.it/4W9M
2023-03-10,The Babysitter: Killer Queen,2020,https://boxd.it/n4VA
2023-03-10,Girl on the Third Floor,2019,https://boxd.it/llgU
2023-03-10,A Wounded Fawn,2022,https://boxd.it/Aqui
2023-03-10,Spider-Man: Into the Spider-Verse,2018,https://boxd.it/azpY
2023-03-10,Inception,2010,https://boxd.it/1skk
2023-03-10,Django Unchained,2012,https://boxd.it/2cCk
2023-03-10,Shutter Island,2010,https://boxd.it/1U82
2023-03-10,Tenet,2020,https://boxd.it/leq4
2023-03-10,Little Miss Sunshine,2006,https://boxd.it/29EW
2023-03-10,2001: A Space Odyssey,1968,https://boxd.it/2bf0
2023-03-10,The Breakfast Club,1985,https://boxd.it/27q4
2023-03-10,A Clockwork Orange,1971,https://boxd.it/2aVE
2023-03-10,Requiem for a Dream,2000,https://boxd.it/29VI
2023-03-10,Encanto,2021,https://boxd.it/kPRu
2023-03-10,The Big Lebowski,1998,https://boxd.it/2b6C
2023-03-10,Turning Red,2022,https://boxd.it/ipkq
2023-03-10,The Hateful Eight,2015,https://boxd.it/8gw8
2023-03-10,Babylon,2022,https://boxd.it/mM02
2023-03-10,Juno,2007,https://boxd.it/210a
2023-03-10,Pan's Labyrinth,2006,https://boxd.it/28No
2023-03-10,Eyes Wide Shut,1999,https://boxd.it/2axs
2023-03-10,Palm Springs,2020,https://boxd.it/lCXQ
2023-03-10,When Harry Met Sally...,1989,https://boxd.it/29W2
2023-03-10,The Princess Bride,1987,https://boxd.it/26EY
2023-03-10,Blue Velvet,1986,https://boxd.it/29BI
2023-03-10,Crazy Rich Asians,2018,https://boxd.it/gfnK
2023-03-10,The Disaster Artist,2017,https://boxd.it/cTqc
2023-03-10,Moulin Rouge!,2001,https://boxd.it/29wI
2023-03-11,Clue,1985,https://boxd.it/1MDQ
2023-03-11,Chef,2014,https://boxd.it/6lCG
2023-03-11,Brazil,1985,https://boxd.it/2be2
2023-03-11,Hook,1991,https://boxd.it/29nQ
2023-03-11,The Village,2004,https://boxd.it/21iS
2023-03-11,High Fidelity,2000,https://boxd.it/2aMW
2023-03-11,A Christmas Story,1983,https://boxd.it/29sw
2023-03-11,Always Be My Maybe,2019,https://boxd.it/iB2y
2023-03-11,A Nightmare on Elm Street 3: Dream Warriors,1987,https://boxd.it/1X9W
2023-03-11,The Birdcage,1996,https://boxd.it/1UTi
2023-03-11,Once,2007,https://boxd.it/22GG
2023-03-11,Hedwig and the Angry Inch,2001,https://boxd.it/1Qfe
2023-03-11,Music and Lyrics,2007,https://boxd.it/1Usw
2023-03-11,Away We Go,2009,https://boxd.it/1FpW
2023-03-12,The Silence of the Lambs,1991,https://boxd.it/2aHW
2023-03-14,Obsession,1976,https://boxd.it/23QM
2023-03-14,Body Double,1984,https://boxd.it/1TGW
2023-03-15,La La Land,2016,https://boxd.it/a5fa
2023-03-16,Do the Right Thing,1989,https://boxd.it/29gA
2023-03-16,A Ghost Story,2017,https://boxd.it/fb0K
2023-03-16,Uncut Gems,2019,https://boxd.it/gXGc
2023-03-17,GoodFellas,1990,https://boxd.it/29FA
2023-03-17,Sleepless in Seattle,1993,https://boxd.it/29re
2023-03-17,Party Girl,1995,https://boxd.it/1b7e
2023-03-18,The Proposal,2009,https://boxd.it/1HiS
2023-03-18,Booksmart,2019,https://boxd.it/igNS
2023-03-18,The Brothers Bloom,2008,https://boxd.it/1Bqm
2023-03-19,Phantom of the Paradise,1974,https://boxd.it/1s34
2023-03-24,White Nights,1985,https://boxd.it/1KRw
2023-03-24,Portrait of a Lady on Fire,2019,https://boxd.it/jkPq
2023-03-27,The Daytrippers,1996,https://boxd.it/F9i
2023-03-27,Drive,2011,https://boxd.it/IG
2023-03-27,X,2022,https://boxd.it/sxVa
2023-03-29,Police Story,1985,https://boxd.it/1Zhe
2023-03-30,Amadeus,1984,https://boxd.it/2aH8
2023-04-01,Enys Men,2022,https://boxd.it/rM0m
2023-04-02,Malum,2023,https://boxd.it/FoFy
2023-04-03,"Crouching Tiger, Hidden Dragon",2000,https://boxd.it/2b1M
2023-04-03,Eastern Promises,2007,https://boxd.it/275q
2023-04-03,Police Story 3: Super Cop,1992,https://boxd.it/1Uyk
2023-04-05,After Yang,2021,https://boxd.it/lx5a
2023-04-06,Air,2023,https://boxd.it/Arlc
2023-04-07,Dungeons & Dragons: Honor Among Thieves,2023,https://boxd.it/hN1A
2023-04-09,De Palma,2015,https://boxd.it/bZDk
2023-04-11,Hereditary,2018,https://boxd.it/hNVe
2023-04-13,The Green Knight,2021,https://boxd.it/kuy2
2023-04-14,Nymphomaniac: Vol. I,2013,https://boxd.it/7DiG
2023-04-15,Nymphomaniac: Vol. II,2013,https://boxd.it/7j9Y
2023-04-15,Marrowbone,2017,https://boxd.it/dZVC
2023-04-15,eXistenZ,1999,https://boxd.it/27Ni
2023-04-15,Emma.,2020,https://boxd.it/kmg0
2023-04-16,In Fabric,2018,https://boxd.it/h2sY
2023-04-16,Bros,2022,https://boxd.it/mJZw
2023-04-16,The Unbearable Weight of Massive Talent,2022,https://boxd.it/o6eK
2023-04-17,Enemy,2013,https://boxd.it/5xtO
2023-04-21,Beau Is Afraid,2023,https://boxd.it/u2gE
2023-04-22,Attack of the Doc!,2023,https://boxd.it/C71g
2023-04-24,Nausicaä of the Valley of the Wind,1984,https://boxd.it/2bc6
2023-04-24,Dogville,2003,https://boxd.it/2a8W
2023-04-25,Suzume,2022,https://boxd.it/yv7Y
2023-04-26,The Five Obstructions,2003,https://boxd.it/1RWy
2023-04-30,Polite Society,2023,https://boxd.it/AU9u
2023-05-01,Weathering with You,2019,https://boxd.it/kPxE
2023-05-01,Flashdance,1983,https://boxd.it/2abG
2023-05-03,Bend It Like Beckham,2002,https://boxd.it/2am0
2023-05-04,I Don't Feel at Home in This World Anymore,2017,https://boxd.it/f42u
2023-05-04,The Dead Zone,1983,https://boxd.it/1U6g
2023-05-07,Guardians of the Galaxy Vol. 3,2023,https://boxd.it/fVNI
2023-05-10,Heat,1995,https://boxd.it/2bg8
2023-05-12,"Are You There God? It's Me, Margaret.",2023,https://boxd.it/kiYC
2023-05-13,Manhunter,1986,https://boxd.it/1TOw
2023-05-14,Good Time,2017,https://boxd.it/fcFu
2023-05-16,Tootsie,1982,https://boxd.it/1YkG
2023-05-17,The Lifeguard,2013,https://boxd.it/4VS2
2023-05-18,Don't Look Now,1973,https://boxd.it/29fC
2023-05-19,The Wizard,1989,https://boxd.it/2aVY
2023-05-21,BlackBerry,2023,https://boxd.it/CoVK
2023-05-23,Birdman or (The Unexpected Virtue of Ignorance),2014,https://boxd.it/5RFA
2023-05-23,Missing,2023,https://boxd.it/sS1W
2023-05-24,Slums of Beverly Hills,1998,https://boxd.it/1NCO
2023-05-24,Fool's Paradise,2023,https://boxd.it/kdC2
2023-05-25,Consecration,2023,https://boxd.it/xn4q
2023-05-27,The Red Shoes,1948,https://boxd.it/1EXI
2023-05-27,The Last House on the Left,2009,https://boxd.it/1H2q
2023-05-27,Black Narcissus,1947,https://boxd.it/1Kce
2023-05-28,The Thief of Bagdad,1940,https://boxd.it/1Sei
2023-05-29,The Tales of Hoffmann,1951,https://boxd.it/Sds
2023-05-31,The Card Counter,2021,https://boxd.it/nTH0
2023-05-31,Becky,2020,https://boxd.it/mcOg
2023-06-03,The Wrath of Becky,2023,https://boxd.it/BfbG
2023-06-03,The Boogeyman,2023,https://boxd.it/jnna
2023-06-05,The Doom Generation,1995,https://boxd.it/1PVe
2023-06-05,Spider-Man: Across the Spider-Verse,2023,https://boxd.it/kSz4
2023-06-11,Mrs. Doubtfire,1993,https://boxd.it/29Cw
2023-06-11,The 40 Year Old Virgin,2005,https://boxd.it/21hK
2023-06-13,Bumblebee,2018,https://boxd.it/f21O
2023-06-18,Elemental,2023,https://boxd.it/ASiE
2023-06-20,The Holy Mountain,1973,https://boxd.it/20mu
2023-06-21,The Blackening,2022,https://boxd.it/C6VM
2023-06-21,Past Lives,2023,https://boxd.it/oNB8
2023-06-22,May,2002,https://boxd.it/1V8M
2023-06-27,Asteroid City,2023,https://boxd.it/s3ds
2023-06-27,No Hard Feelings,2023,https://boxd.it/xouu
2023-07-03,Jennifer's Body,2009,https://boxd.it/1Efw
2023-07-03,Indiana Jones and the Dial of Destiny,2023,https://boxd.it/b8vM
2023-07-05,"Synecdoche, New York",2008,https://boxd.it/23zw
2023-07-10,Blade Runner 2049,2017,https://boxd.it/b8wK
2023-07-10,Joy Ride,2023,https://boxd.it/wEeK
2023-07-13,Mission: Impossible,1996,https://boxd.it/29d2
2023-07-13,Alien,1979,https://boxd.it/2awY
2023-07-16,Star Wars,1977,https://boxd.it/72s
2023-07-17,Indiana Jones and the Last Crusade,1989,https://boxd.it/2baO
2023-07-19,Aliens,1986,https://boxd.it/29PA
2023-07-21,The Apartment,1960,https://boxd.it/2aGE
2023-07-21,Bringing Up Baby,1938,https://boxd.it/29ks
2023-07-23,Barbie,2023,https://boxd.it/bCLK
2023-07-23,Rye Lane,2023,https://boxd.it/DIyy
2023-07-23,Theater Camp,2023,https://boxd.it/Bfbm
2023-07-23,The Empire Strikes Back,1980,https://boxd.it/27Vw
2023-07-24,Oppenheimer,2023,https://boxd.it/wUow
2023-07-25,Nanny,2022,https://boxd.it/vPHQ
2023-07-25,Interstellar,2014,https://boxd.it/4VZ8
2023-07-26,Wild at Heart,1990,https://boxd.it/2aii
2023-07-26,Lynch/Oz,2022,https://boxd.it/ArIK
2023-07-27,Minority Report,2002,https://boxd.it/2aWi
2023-07-28,Talk to Me,2022,https://boxd.it/C6uQ
2023-07-29,Return of the Jedi,1983,https://boxd.it/27Vm
2023-07-31,"Alice, Darling",2022,https://boxd.it/w5fS
2023-07-31,Searching,2018,https://boxd.it/hDPg
2023-07-31,Women Talking,2022,https://boxd.it/tdq4
2023-08-04,Titanic,1997,https://boxd.it/2a2k
2023-08-04,The Gray Man,2022,https://boxd.it/rb7q
2023-08-05,The Italian Job,2003,https://boxd.it/1Y86
2023-08-09,Birds of Prey (and the Fantabulous Emancipation of One Harley Quinn),2020,https://boxd.it/hSyO
2023-08-09,Casino Royale,2006,https://boxd.it/1alk
2023-08-10,Haunted Mansion,2023,https://boxd.it/mOsi
2023-08-16,Teenage Mutant Ninja Turtles: Mutant Mayhem,2023,https://boxd.it/mK0a
2023-08-23,Oldboy,2003,https://boxd.it/29R2
2023-08-28,Aftersun,2022,https://boxd.it/Arw0
2023-08-29,Jurassic Park,1993,https://boxd.it/2aA2
2023-09-04,Bottoms,2023,https://boxd.it/uGf2
2023-09-04,Free Guy,2021,https://boxd.it/k8dm
2023-09-18,Miss Congeniality,2000,https://boxd.it/28GM
2023-09-18,You Are So Not Invited to My Bat Mitzvah,2023,https://boxd.it/BMeI
2023-09-22,Death on the Nile,2022,https://boxd.it/ifpg
2023-09-24,The Five-Year Engagement,2012,https://boxd.it/2oZU
2023-09-24,A Haunting in Venice,2023,https://boxd.it/zGdg
2023-09-27,It Lives Inside,2023,https://boxd.it/CKzc
2023-10-01,The Equalizer,2014,https://boxd.it/4TUK
2023-10-01,The Equalizer 3,2023,https://boxd.it/yU54
2023-10-01,The Equalizer 2,2018,https://boxd.it/bAEW
2023-10-01,The Pelican Brief,1993,https://boxd.it/1Xt8
2023-10-09,No One Will Save You,2023,https://boxd.it/uUO6
2023-10-09,Stop Making Sense,1984,https://boxd.it/1ygo
2023-10-09,In the Mouth of Madness,1994,https://boxd.it/26vi
2023-10-10,Sneakers,1992,https://boxd.it/26VU
2023-10-12,Dark City,1998,https://boxd.it/26uk
2023-10-12,Hot Tub Time Machine,2010,https://boxd.it/1zIS
2023-10-14,The Big Short,2015,https://boxd.it/ajZw
2023-10-15,Fresh,2022,https://boxd.it/tCNi
2023-10-15,The Uninvited,2009,https://boxd.it/1OrW
2023-10-15,Totally Killer,2023,https://boxd.it/AOpG
2023-10-17,Margin Call,2011,https://boxd.it/CJ8
2023-10-17,Love at First Sight,2023,https://boxd.it/bUmS
2023-10-18,Sisters,1972,https://boxd.it/1AMc
2023-10-18,Dicks: The Musical,2023,https://boxd.it/zslg
2023-10-18,The Lair of the White Worm,1988,https://boxd.it/1U4u
2023-10-19,Anatomy of a Fall,2023,https://boxd.it/yuDE
2023-10-21,Death Note,2017,https://boxd.it/bOS4
2023-10-21,Monstrous,2022,https://boxd.it/uz84
2023-10-21,When a Stranger Calls Back,1993,https://boxd.it/1l5i
2023-10-22,Promising Young Woman,2020,https://boxd.it/loRE
2023-10-22,Source Code,2011,https://boxd.it/fdo
2023-10-22,What If,2013,https://boxd.it/6ljk
2023-10-22,American Psycho,2000,https://boxd.it/28Vs
2023-10-24,The Lost Boys,1987,https://boxd.it/28DI
2023-10-24,Bug,2006,https://boxd.it/1RN2
2023-10-25,Drag Me to Hell,2009,https://boxd.it/1Jzw
2023-10-26,Beetlejuice,1988,https://boxd.it/24QI
2023-11-02,The Firm,1993,https://boxd.it/18JY
2023-11-03,Long Shot,2019,https://boxd.it/grG0
2023-11-04,Get Him to the Greek,2010,https://boxd.it/1gyk
2023-11-05,Whiplash,2014,https://boxd.it/7bQA
2023-11-05,Downsizing,2017,https://boxd.it/9Ajq
2023-11-06,13 Going on 30,2004,https://boxd.it/1X6e
2023-11-06,Ted,2012,https://boxd.it/2pgc
2023-11-06,Ted 2,2015,https://boxd.it/6oCY
2023-11-07,Killers of the Flower Moon,2023,https://boxd.it/gHp0
2023-11-08,M3GAN,2022,https://boxd.it/jxmG
2023-11-16,Spirited Away,2001,https://boxd.it/2b4m
2023-11-18,Marry Me,2022,https://boxd.it/mLSC
2023-11-18,House of Gucci,2021,https://boxd.it/nVkC
2023-11-21,Your Name.,2016,https://boxd.it/cUqs
2023-11-21,The Marvels,2023,https://boxd.it/mwU4
2023-11-26,Battle of the Sexes,2017,https://boxd.it/cNxw
2023-11-28,Godzilla Minus One,2023,https://boxd.it/zu4c
2023-12-06,Dream Scenario,2023,https://boxd.it/v2h0
2023-12-07,AlphaGo,2017,https://boxd.it/geTA
2023-12-07,Josie and the Pussycats,2001,https://boxd.it/1Fdm
2023-12-09,The Princess Diaries,2001,https://boxd.it/1XCO
2023-12-10,Eileen,2023,https://boxd.it/oJcS
2023-12-13,Gremlins,1984,https://boxd.it/29gg
2023-12-13,"Silent Night, Deadly Night Part 2",1987,https://boxd.it/CZK
2023-12-15,The Intern,2015,https://boxd.it/7AOE
2023-12-15,The Boy and the Heron,2023,https://boxd.it/ipeM
2023-12-17,Scream,2022,https://boxd.it/o0lg
2023-12-18,Scrooged,1988,https://boxd.it/1Y9e
2023-12-20,The Iron Claw,2023,https://boxd.it/w5Pm
2023-12-20,Carol,2015,https://boxd.it/7DPK
2023-12-20,"I, Tonya",2017,https://boxd.it/dzR0
2023-12-21,The 'Burbs,1989,https://boxd.it/1SDi
2023-12-21,Genie,2023,https://boxd.it/J73K
2023-12-21,They Came Together,2014,https://boxd.it/5uyQ
2023-12-21,Scream VI,2023,https://boxd.it/zdfW
2023-12-21,Mr. Dough and the Egg Princess,2010,https://boxd.it/6otM
2023-12-22,Poor Things,2023,https://boxd.it/tNWU
2023-12-23,Anyone But You,2023,https://boxd.it/EzA8
2023-12-23,The Muppet Christmas Carol,1992,https://boxd.it/1WgC
2023-12-25,The Girl with the Dragon Tattoo,2011,https://boxd.it/2Pa
2023-12-25,Elf,2003,https://boxd.it/1VyK
2023-12-26,Die Hard,1988,https://boxd.it/2a7u
2023-12-26,American Fiction,2023,https://boxd.it/DYHm
2023-12-27,The Hunt,2020,https://boxd.it/iE9i
2023-12-28,Black Christmas,1974,https://boxd.it/1Js6
2023-12-28,Reality,2023,https://boxd.it/BeLI
2023-12-31,Ferrari,2023,https://boxd.it/cEtq
2023-12-31,Shiva Baby,2020,https://boxd.it/oIv0
2023-12-31,The Circle,2017,https://boxd.it/bj1I
2024-01-02,Every Body,2023,https://boxd.it/Gb18
2024-01-02,The Holdovers,2023,https://boxd.it/vHza
2024-01-06,Thief,1981,https://boxd.it/1TEc
2024-01-06,Romeo + Juliet,1996,https://boxd.it/2ama
2024-01-08,Night Swim,2024,https://boxd.it/EyB0
2024-01-11,Double Indemnity,1944,https://boxd.it/297I
2024-01-11,Annihilation,2018,https://boxd.it/9yzm
2024-01-11,Men,2022,https://boxd.it/tlc0
2024-01-12,Biosphere,2022,https://boxd.it/wHXy
2024-01-16,Set It Up,2018,https://boxd.it/dpik
2024-01-17,The Tragedy of Macbeth,2021,https://boxd.it/lMi4
2024-01-17,The Others,2001,https://boxd.it/27Po
2024-01-17,The Curse,2023,https://boxd.it/IWYq
2024-01-18,Be Kind Rewind,2008,https://boxd.it/23Au
2024-01-19,Save the Date,2012,https://boxd.it/2Y3C
2024-01-19,Nocturne,2020,https://boxd.it/nTaK
2024-01-19,The Discreet Charm of the Bourgeoisie,1972,https://boxd.it/2440
2024-01-19,Flight,2012,https://boxd.it/35Ca
2024-01-20,The Favourite,2018,https://boxd.it/d2hI
2024-01-21,The Wonderful Story of Henry Sugar,2023,https://boxd.it/yNyo
2024-01-21,Hotel Chevalier,2007,https://boxd.it/21Ic
2024-01-21,Cousin Ben Troop Screening,2012,https://boxd.it/49SS
2024-01-21,Barry Lyndon,1975,https://boxd.it/25A2
2024-01-21,M,1931,https://boxd.it/29vq
2024-01-22,Self Reliance,2023,https://boxd.it/EzDG
2024-01-22,A Quiet Place,2018,https://boxd.it/fVJQ
2024-01-23,For Your Consideration,2006,https://boxd.it/1NmG
2024-01-24,The Lobster,2015,https://boxd.it/7tnw
2024-01-24,The Killing of a Sacred Deer,2017,https://boxd.it/dZ5G
2024-01-26,Nimic,2019,https://boxd.it/n10Q
2024-01-26,Necktie,2013,https://boxd.it/CfYA
2024-01-27,Happy Death Day,2017,https://boxd.it/fDz4
2024-01-27,Hackers,1995,https://boxd.it/1WhU
2024-01-28,Mean Girls,2024,https://boxd.it/p6nO
2024-01-30,Miami Vice,2006,https://boxd.it/2bbW
2024-01-30,Dogtooth,2009,https://boxd.it/158K
2024-01-30,Collateral,2004,https://boxd.it/28F0
2024-02-01,The Zone of Interest,2023,https://boxd.it/gJsA
2024-02-01,Happy Death Day 2U,2019,https://boxd.it/ixt6
2024-02-02,Blackhat,2015,https://boxd.it/62Te
2024-02-02,The Fall,2019,https://boxd.it/nRTy
2024-02-02,Sexy Beast,2000,https://boxd.it/1SZS
2024-02-02,Duel,1971,https://boxd.it/29ui
2024-02-02,The Bird with the Crystal Plumage,1970,https://boxd.it/1DDW
2024-02-02,The Serpent and the Rainbow,1988,https://boxd.it/1THA
2024-02-03,Birth,2004,https://boxd.it/1VvQ
2024-02-03,The Tell-Tale Heart,2008,https://boxd.it/dmKU
2024-02-04,The Killer,2023,https://boxd.it/u6WE
2024-02-04,Near Dark,1987,https://boxd.it/1SRO
2024-02-04,Point Break,1991,https://boxd.it/2958
2024-02-05,Fantastic Mr. Fox,2009,https://boxd.it/1WyQ
2024-02-06,Marie Antoinette,2006,https://boxd.it/27Wa
2024-02-06,Lick the Star,1998,https://boxd.it/3f8Y
2024-02-06,A Very Murray Christmas,2015,https://boxd.it/cBeM
2024-02-06,Isle of Dogs,2018,https://boxd.it/dZrW
2024-02-06,The Innocents,1961,https://boxd.it/1KeY
2024-02-07,The Host,2006,https://boxd.it/28ZY
2024-02-08,Passages,2023,https://boxd.it/xX9c
2024-02-09,The In-Laws,1979,https://boxd.it/1Eto
2024-02-11,Notting Hill,1999,https://boxd.it/2aeK
2024-02-11,Lisa Frankenstein,2024,https://boxd.it/ByjY
2024-02-12,Departing Seniors,2023,https://boxd.it/HD2K
2024-02-13,Plus One,2019,https://boxd.it/inpo
2024-02-13,Emelie,2015,https://boxd.it/aLiA
2024-02-14,Press Play,2022,https://boxd.it/oSpQ
2024-02-14,Dune,2021,https://boxd.it/fA7G
2024-02-15,Homing In,2017,https://boxd.it/gxUW
2024-02-18,Rashomon,1950,https://boxd.it/2a9K
2024-02-18,It Happened One Night,1934,https://boxd.it/25Ng
2024-02-18,"The Cook, the Thief, His Wife & Her Lover",1989,https://boxd.it/20VO
2024-02-18,The Fisher King,1991,https://boxd.it/2aWM
2024-02-19,Sorry to Bother You,2018,https://boxd.it/f21E
2024-02-19,10 Things I Hate About You,1999,https://boxd.it/23AO
2024-02-20,How to Blow Up a Pipeline,2022,https://boxd.it/C69e
2024-02-20,Poltergeist,1982,https://boxd.it/2a0o
2024-02-20,Dead End,2003,https://boxd.it/1TRK
2024-02-24,Snake Eyes,1998,https://boxd.it/1ZX0
2024-02-25,House,1977,https://boxd.it/1vsm
2024-02-26,"Paris, Texas",1984,https://boxd.it/29Ts
2024-02-28,Wings of Desire,1987,https://boxd.it/2b26
2024-02-29,The Birds,1963,https://boxd.it/2a6m
2024-03-03,Starman,1984,https://boxd.it/1Y6O
2024-03-03,Perfect Days,2023,https://boxd.it/ATh8
2024-03-03,Stopmotion,2023,https://boxd.it/vHYa
2024-03-03,Drugstore June,2024,https://boxd.it/E2PE
2024-03-04,Grandma's Boy,2006,https://boxd.it/1XzK
2024-03-06,Days of Heaven,1978,https://boxd.it/1JRg
2024-03-07,The Steamroller and the Violin,1961,https://boxd.it/16he
2024-03-10,The House Bunny,2008,https://boxd.it/1RyG
2024-03-10,27 Dresses,2008,https://boxd.it/21x4
2024-03-11,Dune: Part Two,2024,https://boxd.it/pUfA
2024-03-13,Along for the Ride,2022,https://boxd.it/tfIO
2024-03-14,The Lady Eve,1941,https://boxd.it/25LY
2024-03-15,Ball of Fire,1941,https://boxd.it/1ms8
2024-03-16,Ivan's Childhood,1962,https://boxd.it/1j6y
2024-03-17,Ghost Dog: The Way of the Samurai,1999,https://boxd.it/23Ne
2024-03-17,A Nightmare on Elm Street,1984,https://boxd.it/2aw0
2024-03-17,Kiss Kiss Bang Bang,2005,https://boxd.it/23c8
2024-03-17,Dredd,2012,https://boxd.it/GZE
2024-03-19,One from the Heart,1982,https://boxd.it/ZJq
2024-03-20,Imaginary,2024,https://boxd.it/GyJW
2024-03-22,Love Lies Bleeding,2024,https://boxd.it/zN4q
2024-03-23,Riddle of Fire,2023,https://boxd.it/GamO
2024-03-23,"South Park: Bigger, Longer & Uncut",1999,https://boxd.it/1YAO
2024-03-24,First Time Female Director,2023,https://boxd.it/BNic
2024-03-24,Immaculate,2024,https://boxd.it/Douw
2024-03-25,Ghostbusters,1984,https://boxd.it/g2w
2024-03-26,Ghostbusters II,1989,https://boxd.it/261s
2024-03-26,Mirror,1975,https://boxd.it/28Q8
2024-03-26,Nostalgia,1983,https://boxd.it/28Qi
2024-03-27,Annie Hall,1977,https://boxd.it/29M2
2024-03-27,My Favorite Shapes by Julio Torres,2019,https://boxd.it/mDMm
2024-03-27,Ghostbusters: Afterlife,2021,https://boxd.it/f4Pw
2024-03-28,Thanksgiving,2023,https://boxd.it/EviY
2024-03-29,Ex Machina,2015,https://boxd.it/7T2k
2024-03-30,Matilda,1996,https://boxd.it/1VhY
2024-03-30,Cinema Paradiso,1988,https://boxd.it/1UlA
2024-03-30,Freeway,1996,https://boxd.it/1Uju
2024-03-31,Ring,1998,https://boxd.it/26tw
2024-04-02,Ghostbusters: Frozen Empire,2024,https://boxd.it/AxYu
2024-04-05,A Bucket of Blood,1959,https://boxd.it/1AfM
2024-04-05,The Little Shop of Horrors,1960,https://boxd.it/1xDm
2024-04-06,Late Night with the Devil,2023,https://boxd.it/zo6G
2024-04-07,Frogman,2023,https://boxd.it/H6CK
2024-04-07,Every Time We Meet for Ice Cream Your Whole F*cking Face Explodes,2021,https://boxd.it/yoQC
2024-04-08,Galaxy Quest,1999,https://boxd.it/29gq
2024-04-10,The First Omen,2024,https://boxd.it/fx08
2024-04-11,12 Angry Men,1957,https://boxd.it/2auI
2024-04-12,Civil War,2024,https://boxd.it/z1jW
2024-04-14,Step Brothers,2008,https://boxd.it/1SsE
2024-04-23,Talladega Nights: The Ballad of Ricky Bobby,2006,https://boxd.it/1XYq
2024-04-23,Happy Gilmore,1996,https://boxd.it/1Yey
2024-04-23,Knocked Up,2007,https://boxd.it/23yS
2024-04-23,Sasquatch Sunset,2024,https://boxd.it/Coz0
2024-04-23,The People's Joker,2022,https://boxd.it/uqVQ
2024-04-23,Monkey Man,2024,https://boxd.it/kvsO
2024-04-27,Clifford,1994,https://boxd.it/26jw
2024-04-27,Scoop,2024,https://boxd.it/EZu6
2024-04-27,Challengers,2024,https://boxd.it/zld0
2024-04-28,Swallow,2019,https://boxd.it/lA0i
2024-05-01,Abigail,2024,https://boxd.it/G0NA
2024-05-02,Blazing Saddles,1974,https://boxd.it/1UHQ
2024-05-03,Dogfight,1991,https://boxd.it/1NCk
2024-05-03,The Social Network,2010,https://boxd.it/17ue
2024-05-04,The Idea of You,2024,https://boxd.it/vOW6
2024-05-05,The Whale,2022,https://boxd.it/tw4c
2024-05-05,SPY x FAMILY CODE: White,2023,https://boxd.it/EdkW
2024-05-06,The American Society of Magical Negroes,2024,https://boxd.it/DlwY
2024-05-07,The Amazing Spider-Man,2012,https://boxd.it/27PI
2024-05-08,Daisies,1966,https://boxd.it/LZk
2024-05-09,I Saw the TV Glow,2024,https://boxd.it/woVe
2024-05-10,"Scream, Queen! My Nightmare on Elm Street",2019,https://boxd.it/apAW
2024-05-11,Blended,2014,https://boxd.it/6QQY
2024-05-12,The Fall Guy,2024,https://boxd.it/s0Bm
2024-05-14,The Amazing Spider-Man 2,2014,https://boxd.it/3utM
2024-05-16,Better Off Dead...,1985,https://boxd.it/1PFU
2024-05-20,Faceless After Dark,2023,https://boxd.it/HjE0
2024-05-22,Wake in Fright,1971,https://boxd.it/1tWk
2024-05-26,Splash,1984,https://boxd.it/26ym
2024-05-26,Legally Blonde,2001,https://boxd.it/1ZNa
2024-05-28,Mad Max: Fury Road,2015,https://boxd.it/2DjO
2024-05-28,Tusk,2014,https://boxd.it/7eoa
2024-05-29,It,2017,https://boxd.it/bC8e
2024-05-30,Girlfight,2000,https://boxd.it/1FfM
2024-05-31,In a Violent Nature,2024,https://boxd.it/K5eI
2024-06-01,Carrie,1976,https://boxd.it/20ZQ
2024-06-04,Spider-Man: Homecoming,2017,https://boxd.it/aboM
2024-06-04,Spider-Man: Far From Home,2019,https://boxd.it/fegG
2024-06-04,It Chapter Two,2019,https://boxd.it/h10u
2024-06-05,Bodies Bodies Bodies,2022,https://boxd.it/iRcE
2024-06-06,Greedy,1994,https://boxd.it/1RfE
2024-06-09,Rope,1948,https://boxd.it/28yo
2024-06-09,Fitzcarraldo,1982,https://boxd.it/1YV8
2024-06-10,Nosferatu the Vampyre,1979,https://boxd.it/21J0
2024-06-11,Pain Hustlers,2023,https://boxd.it/wBNW
2024-06-16,Freaky Friday,2003,https://boxd.it/1WwK
2024-06-20,Inside Out,2015,https://boxd.it/4KHC
2024-06-28,The Watchers,2024,https://boxd.it/F6Rw
2024-06-28,Some Like It Hot,1959,https://boxd.it/2aNA
2024-06-30,Inside Out 2,2024,https://boxd.it/CFrC
2024-06-30,Serial Mom,1994,https://boxd.it/1Tty
2024-07-01,Indiana Jones and the Temple of Doom,1984,https://boxd.it/2bb8
2024-07-03,A Family Affair,2024,https://boxd.it/Bj9O
2024-07-04,MaXXXine,2024,https://boxd.it/CIM4
2024-07-05,I Am the Pretty Thing That Lives in the House,2016,https://boxd.it/elo6
2024-07-05,Hit Man,2023,https://boxd.it/ANB2
2024-07-06,Warcraft,2016,https://boxd.it/2czK
2024-07-06,The Paperboy,2012,https://boxd.it/2T8i
2024-07-06,Kinds of Kindness,2024,https://boxd.it/CWPw
2024-07-15,The Blackcoat's Daughter,2015,https://boxd.it/b2Km
2024-07-16,A Quiet Place: Day One,2024,https://boxd.it/sDAi
2024-07-17,Crumb Catcher,2023,https://boxd.it/CUey
2024-07-18,Night of the Comet,1984,https://boxd.it/1GUw
2024-07-18,Black Caesar,1973,https://boxd.it/1B9q
2024-07-19,Longlegs,2024,https://boxd.it/KzLM
2024-07-20,Black Bear,2020,https://boxd.it/n8ru
2024-07-23,Unbreakable,2000,https://boxd.it/1XV2
2024-07-23,Signs,2002,https://boxd.it/26t2
2024-07-25,Oddity,2024,https://boxd.it/K9pg
2024-07-28,Noises Off...,1992,https://boxd.it/1tpA
2024-07-29,Drive-Away Dolls,2024,https://boxd.it/A8vi
2024-07-29,Deadpool,2016,https://boxd.it/9fOC
2024-07-29,Deadpool 2,2018,https://boxd.it/dlLM
2024-07-30,Reefer Madness: The Movie Musical,2005,https://boxd.it/1Dm2
2024-07-30,Deadpool & Wolverine,2024,https://boxd.it/jq8s
2024-07-31,Tenebre,1982,https://boxd.it/1mRM
2024-07-31,Petite Maman,2021,https://boxd.it/s6je
2024-08-01,Twisters,2024,https://boxd.it/qV7a
2024-08-04,Trap,2024,https://boxd.it/D4nK
2024-08-07,Little Shop of Horrors,1986,https://boxd.it/1Vqm
2024-08-09,Cuckoo,2024,https://boxd.it/wMjI
2024-08-12,Personal Shopper,2016,https://boxd.it/bkGM
2024-08-12,Working Girl,1988,https://boxd.it/25ha
2024-08-19,School of Rock,2003,https://boxd.it/28xK
2024-08-19,Crimson Peak,2015,https://boxd.it/62Ty
2024-08-21,Alien: Romulus,2024,https://boxd.it/zGqO
2024-08-21,The Conversation,1974,https://boxd.it/2a38
2024-08-23,Roman Holiday,1953,https://boxd.it/29zW
2024-08-24,Dìdi (弟弟),2024,https://boxd.it/HQOW
2024-08-24,Caligula: The Ultimate Cut,2023,https://boxd.it/MeNQ
2024-08-26,The Train,1964,https://boxd.it/25lm
2024-08-29,That's My Boy,2012,https://boxd.it/35IW
2024-09-02,Bring It On,2000,https://boxd.it/28x6
2024-09-02,Jawbreaker,1999,https://boxd.it/1G7a
2024-09-02,Princess Mononoke,1997,https://boxd.it/2b4w
2024-09-12,The Hudsucker Proxy,1994,https://boxd.it/1SJA
2024-09-16,Players,2024,https://boxd.it/vOva
2024-09-20,Venom,2018,https://boxd.it/b8wA
2024-09-21,Beetlejuice Beetlejuice,2024,https://boxd.it/yyGs
2024-09-21,Sleeping with Other People,2015,https://boxd.it/8WPm
2024-09-21,The Substance,2024,https://boxd.it/zanS
2024-09-30,Queenpins,2021,https://boxd.it/niBu
2024-09-30,Phantom Thread,2017,https://boxd.it/e4uc
2024-09-30,Ford v Ferrari,2019,https://boxd.it/ce74
2024-09-30,The Devil Wears Prada,2006,https://boxd.it/2awE
2024-09-30,The Adjustment Bureau,2011,https://boxd.it/16T8
2024-10-01,Reality+,2014,https://boxd.it/cIEC
2024-10-01,Revenge,2017,https://boxd.it/gL9g
2024-10-03,Will & Harper,2024,https://boxd.it/K5eo
2024-10-03,In Time,2011,https://boxd.it/FPS
2024-10-04,Double Date,2020,https://boxd.it/FRA8
2024-10-05,The Beast,2023,https://boxd.it/yqmk
2024-10-05,Evil Does Not Exist,2023,https://boxd.it/HJrc
2024-10-07,Strange Darling,2023,https://boxd.it/CVIk
2024-10-07,Goodnight Mommy,2014,https://boxd.it/8Niy
2024-10-07,My Old Ass,2024,https://boxd.it/zLP0
2024-10-07,Rabid,1977,https://boxd.it/1nuk
2024-10-07,The Visit,2015,https://boxd.it/9ssO
2024-10-08,Terrifier,2016,https://boxd.it/eRzg
2024-10-09,Smile,2022,https://boxd.it/xjfE
2024-10-10,Joker: Folie à Deux,2024,https://boxd.it/xBoE
2024-10-11,Terrifier 3,2024,https://boxd.it/D8tM
2024-10-12,Tahara,2020,https://boxd.it/oSqa
2024-10-12,Saturday Night,2024,https://boxd.it/Gpfo
2024-10-13,Guns Akimbo,2019,https://boxd.it/gkFu
2024-10-14,Next Goal Wins,2023,https://boxd.it/mZTu
2024-10-14,Gretel & Hansel,2020,https://boxd.it/jLOk
2024-10-14,Popstar: Never Stop Never Stopping,2016,https://boxd.it/blDa
2024-10-15,Frenzy,1972,https://boxd.it/2a62
2024-10-16,The Voyeurs,2021,https://boxd.it/nZoe
2024-10-16,Hard Candy,2005,https://boxd.it/26vs
2024-10-17,Portal: No Escape,2011,https://boxd.it/2mBG
2024-10-18,Anon,2018,https://boxd.it/dTCE
2024-10-19,Deadstream,2022,https://boxd.it/xryY
2024-10-20,Ghostwatch,1992,https://boxd.it/MIO
2024-10-20,Kill List,2011,https://boxd.it/2z4g
2024-10-20,The Descent,2005,https://boxd.it/1YNy
2024-10-20,Dog Soldiers,2002,https://boxd.it/1SRE
2024-10-21,The Valet,2022,https://boxd.it/uvlI
2024-10-22,Woman of the Hour,2023,https://boxd.it/vuz2
2024-10-23,The Vourdalak,2023,https://boxd.it/DDdg
2024-10-23,Hocus Pocus,1993,https://boxd.it/1Wgi
2024-10-24,Night of the Demon,1957,https://boxd.it/1woA
2024-10-25,Gerald's Game,2017,https://boxd.it/buKa
2024-10-25,The Fall,2006,https://boxd.it/1NoM
2024-10-27,The Mummy,1999,https://boxd.it/2a7a
2024-10-28,A Different Man,2024,https://boxd.it/BoEC
2024-10-29,Night of the Living Dead,1968,https://boxd.it/1WwA
2024-10-30,Smile 2,2024,https://boxd.it/FDA4
2024-10-30,Foxwood,2017,https://boxd.it/osvy
2024-10-30,The Vicious,2019,https://boxd.it/pram
2024-10-30,Prefigured,2019,https://boxd.it/yS3K
2024-10-31,The Buildout,2023,https://boxd.it/EFww
2024-11-01,It's What's Inside,2024,https://boxd.it/DOV4
2024-11-04,Halloween,1978,https://boxd.it/2wRu
2024-11-09,Anora,2024,https://boxd.it/Egcw
2024-11-09,Scream,1996,https://boxd.it/24EC
2024-11-12,We Live in Time,2024,https://boxd.it/FC5u
2024-11-12,Heretic,2024,https://boxd.it/H1lY
2024-11-15,Crawlspace,1986,https://boxd.it/orY
2024-11-17,Child's Play,1988,https://boxd.it/1VTo
2024-11-17,Child's Play 2,1990,https://boxd.it/1Uqq
2024-11-17,Child's Play 3,1991,https://boxd.it/1Uqg
2024-11-17,Bride of Chucky,1998,https://boxd.it/1SJU
2024-11-18,Seed of Chucky,2004,https://boxd.it/1UgA
2024-11-18,Spaceballs,1987,https://boxd.it/29cy
2024-11-21,Who Framed Roger Rabbit,1988,https://boxd.it/29ry
2024-11-27,The Philadelphia Story,1940,https://boxd.it/29a8
2024-11-30,Pulp Fiction,1994,https://boxd.it/29Pq
2024-12-03,The Cell,2000,https://boxd.it/1ZLS
2024-12-07,Orphan,2009,https://boxd.it/1CgM
2024-12-07,Paths of Glory,1957,https://boxd.it/29b6
2024-12-11,Full Metal Jacket,1987,https://boxd.it/2a1Q
2024-12-11,Y2K,2024,https://boxd.it/FnHI
2024-12-14,Friday the 13th,1980,https://boxd.it/24fs
2024-12-16,Close Encounters of the Third Kind,1977,https://boxd.it/29u8
2024-12-16,Dumb and Dumber,1994,https://boxd.it/206m
2024-12-23,Dr. Strangelove or: How I Learned to Stop Worrying and Love the Bomb,1964,https://boxd.it/29eY
2024-12-23,The World According to Garp,1982,https://boxd.it/1UaM
2024-12-24,Four Christmases,2008,https://boxd.it/1SjM
2024-12-25,Krampus,2015,https://boxd.it/8Wy6
2024-12-25,8-Bit Christmas,2021,https://boxd.it/uckc
2024-12-26,The Wizard of Oz,1939,https://boxd.it/29Xu
2024-12-27,Violent Night,2022,https://boxd.it/xXBA
2024-12-28,Raising Arizona,1987,https://boxd.it/2avQ
2024-12-28,A Bad Moms Christmas,2017,https://boxd.it/fiHG
2024-12-29,Nutcrackers,2024,https://boxd.it/JEkO
2024-12-29,Jingle All the Way,1996,https://boxd.it/1Z58
2024-12-29,Just Friends,2005,https://boxd.it/1XfA
2024-12-29,Clerks III,2022,https://boxd.it/nAaQ
2024-12-29,Jay and Silent Bob Reboot,2019,https://boxd.it/fFvS
2024-12-29,Uncle Buck,1989,https://boxd.it/26yG
2024-12-30,Dont Look Back,1967,https://boxd.it/2b3y
2024-12-30,Carry-On,2024,https://boxd.it/C0B2
2024-12-30,Love Hard,2021,https://boxd.it/rxXS
2024-12-31,The Family Man,2000,https://boxd.it/22e8
2025-01-03,Sleepaway Camp,1983,https://boxd.it/1PSY
2025-01-04,Nosferatu,2024,https://boxd.it/f5eG
2025-01-07,Wicked,2024,https://boxd.it/e8ME
2025-01-09,Snack Shack,2024,https://boxd.it/DeKu
2025-01-11,Palindromes,2004,https://boxd.it/1QUc
2025-01-12,The Lord of the Rings: The Fellowship of the Ring,2001,https://boxd.it/2b5O
2025-01-12,The Lord of the Rings: The Two Towers,2002,https://boxd.it/2b5E
2025-01-12,The Lord of the Rings: The Return of the King,2003,https://boxd.it/2b5u
2025-01-13,The Making of '...And God Spoke',1993,https://boxd.it/YPM
2025-01-15,The Brutalist,2024,https://boxd.it/k4BO
2025-01-16,Stray Dog,1949,https://boxd.it/1ltu
2025-01-16,The Bad Sleep Well,1960,https://boxd.it/1iLA
2025-01-16,Vox Lux,2018,https://boxd.it/fcFk
2025-01-17,Rap World,2024,https://boxd.it/LPe2
2025-01-22,Krull,1983,https://boxd.it/29sG
2025-01-23,The Big Sleep,1946,https://boxd.it/29iQ
2025-01-26,Inland Empire,2006,https://boxd.it/28d6
2025-01-28,Tank Girl,1995,https://boxd.it/1Zfs
2025-01-31,Cannibal! The Musical,1993,https://boxd.it/1QVE
2025-01-31,The Wages of Fear,1953,https://boxd.it/2aSK
2025-02-03,Flow,2024,https://boxd.it/v1Ei
2025-02-09,Casablanca,1942,https://boxd.it/2aG0
2025-02-09,The Umbrellas of Cherbourg,1964,https://boxd.it/22fK
2025-02-09,Queer,2024,https://boxd.it/E4RW
2025-02-10,Vamps,2012,https://boxd.it/2wWY
2025-02-11,Not Quite Human,1987,https://boxd.it/1Dqy
2025-02-11,Open Windows,2014,https://boxd.it/4M2m
2025-02-11,View from the Top,2003,https://boxd.it/1TEm
2025-02-11,Dumplin',2018,https://boxd.it/gXcc
2025-02-12,Hooking Up,2020,https://boxd.it/p5xS
2025-02-12,Someone Great,2019,https://boxd.it/iFva
