Date,Content
2023-03-13,https://boxd.it/3Xoq9r
2023-03-18,https://boxd.it/yxbbr
2023-04-03,https://boxd.it/1RwTY5
2023-04-03,https://boxd.it/29XJmr
2023-04-03,https://boxd.it/2bYrZb
2023-04-03,https://boxd.it/2bRY9D
2023-04-30,https://boxd.it/47qWmB
2023-04-30,https://boxd.it/3ZorVz
2023-05-10,https://boxd.it/DXglD
2023-05-25,https://boxd.it/4hQ5xN
2023-05-25,https://boxd.it/4hMSgj
2023-05-31,https://boxd.it/4igs1n
2023-12-22,https://boxd.it/5mwqI1
2023-12-23,https://boxd.it/5njGyf
2023-12-24,https://boxd.it/jEBEN
2023-12-25,https://boxd.it/1JrLBv
2023-12-25,https://boxd.it/5fazaZ
2023-12-30,https://boxd.it/5onGxX
2023-12-30,https://boxd.it/5qVgJf
2024-01-02,https://boxd.it/5skYtp
2024-01-02,https://boxd.it/5stCk9
2024-01-02,https://boxd.it/5okQqh
2024-01-02,https://boxd.it/gF0iP
2024-01-17,https://boxd.it/5CcVRx
2024-01-22,https://boxd.it/5uFRz1
2024-01-26,https://boxd.it/5Gb39Z
2024-02-02,https://boxd.it/zxDAX
2024-02-03,https://boxd.it/4YvOQl
2024-02-03,https://boxd.it/5gIJ5n
2024-02-03,https://boxd.it/56lw9b
2024-02-03,https://boxd.it/58DbyX
2024-02-06,https://boxd.it/q3KjD
2024-02-12,https://boxd.it/5O56gT
2024-02-14,https://boxd.it/NdVZn
2024-03-01,https://boxd.it/5WDqbz
2024-03-04,https://boxd.it/5Prayb
2024-03-04,https://boxd.it/4QcCNT
2024-03-06,https://boxd.it/1uqEZ
2024-03-06,https://boxd.it/1iUaZb
2024-03-28,https://boxd.it/695D5t
2024-04-11,https://boxd.it/6fxyvh
2024-04-11,https://boxd.it/6fAPL3
2024-05-26,https://boxd.it/6y3P7x
2024-06-03,https://boxd.it/6B3g8x
2024-08-07,https://boxd.it/6kAVDz
2024-08-07,https://boxd.it/6rkfnP
2024-10-05,https://boxd.it/7oIs2f
2024-10-05,https://boxd.it/7rbU8B
2024-10-13,https://boxd.it/7qJa8z
2024-10-27,https://boxd.it/7E07LT
2025-01-23,https://boxd.it/8ztQGZ
2025-01-23,https://boxd.it/8yIL0b
2025-02-07,https://boxd.it/8w6EGF
2025-02-10,https://boxd.it/8MI1Ev
2025-02-10,https://boxd.it/8Mjo91
